priority,part_id,reference,current_image_count,problem,confused_with,recommended_new_images,reason
3,1,330322031306,5,Baseline part not in the 15 worst-performing classes,None recorded,"3-6 new images: overall view, one alternate orientation, readable label/reference close-up, and any part-specific distinguishing feature.",Collect representative views and one discriminative detail photo before relying on visual matching.
1,2,330322011306,6,Baseline part not in the 15 worst-performing classes,PART_6; PART_11,"5-9 new images: matched overall/front/back/side views, connector or mounting detail as applicable, and a high-resolution label plus the suspected distinguishing feature.",Collect representative views and one discriminative detail photo before relying on visual matching.
3,3,33032201206,6,Baseline part not in the 15 worst-performing classes,None recorded,"3-6 new images: overall view, one alternate orientation, readable label/reference close-up, and any part-specific distinguishing feature.",Collect representative views and one discriminative detail photo before relying on visual matching.
3,4,3303220107,4,Baseline part not in the 15 worst-performing classes,None recorded,"3-6 new images: overall view, one alternate orientation, readable label/reference close-up, and any part-specific distinguishing feature.",Collect representative views and one discriminative detail photo before relying on visual matching.
1,5,3303220111,4,LOO accuracy 0.0%; B visually similar parts and C different views of same part and D label close-up vs full-part mismatch,"PART_11 (2 wrong, max sim 0.705); PART_12 (1 wrong, max sim 0.751); PART_7 (1 wrong, max sim 0.661)","5-9 new images: matched overall/front/back/side views, connector or mounting detail as applicable, and a high-resolution label plus the suspected distinguishing feature.",Contact sheet shows a black Siemens device with several side/face views and a label/detail image. LOO confusion is distributed across similar black industrial components.
1,6,330322009706,5,LOO accuracy 0.0%; C different views of same part and D label close-up vs full-part mismatch,"PART_12 (1 wrong, max sim 0.693); PART_70 (1 wrong, max sim 0.661); PART_71 (1 wrong, max sim 0.693)","5-9 new images: matched overall/front/back/side views, connector or mounting detail as applicable, and a high-resolution label plus the suspected distinguishing feature.",Contact sheet shows the same black Siemens module photographed from several sides plus a close label view. No cross-part exact duplicate was found for this part.
1,7,330322026206,4,LOO accuracy 0.0%; B visually similar parts and C different views of same part,"PART_9 (2 wrong, max sim 0.717); PART_5 (1 wrong, max sim 0.661); PART_11 (1 wrong, max sim 0.802)","5-9 new images: matched overall/front/back/side views, connector or mounting detail as applicable, and a high-resolution label plus the suspected distinguishing feature.",Contact sheet shows a black rectangular device from multiple orientations. LOO most commonly confused it with PART_9 and also with PART_5.
1,8,330322022506,4,LOO accuracy 0.0%; B visually similar parts and C different views of same part,"PART_9 (4 wrong, max sim 0.769)","5-9 new images: matched overall/front/back/side views, connector or mounting detail as applicable, and a high-resolution label plus the suspected distinguishing feature.",Contact sheet shows a black Siemens module photographed from multiple orientations. All four LOO queries were predicted as PART_9; cross-part perceptual pairs also link PART_8 with PART_9 and PART_70.
1,9,330322026106,4,LOO accuracy 0.0%; B visually similar parts and C different views of same part,"PART_8 (2 wrong, max sim 0.769); PART_7 (1 wrong, max sim 0.712); PART_11 (1 wrong, max sim 0.773)","5-9 new images: matched overall/front/back/side views, connector or mounting detail as applicable, and a high-resolution label plus the suspected distinguishing feature.",Contact sheet shows a visually similar black module to PART_8/PART_70. LOO most commonly predicted PART_8; the confusion is consistent with similar shape and black housing.
2,10,330322016306,3,Baseline part not in the 15 worst-performing classes,None recorded,"5-9 new images: consistent overall views, at least two different orientations, label/reference close-up, and the most likely distinguishing detail.",Collect representative views and one discriminative detail photo before relying on visual matching.
1,11,330318009406,5,LOO accuracy 0.0%; C different views of same part and D label close-up vs full-part mismatch,"PART_60 (1 wrong, max sim 0.720); PART_2 (1 wrong, max sim 0.633); PART_7 (1 wrong, max sim 0.802)","5-9 new images: matched overall/front/back/side views, connector or mounting detail as applicable, and a high-resolution label plus the suspected distinguishing feature.",Contact sheet shows a black rectangular Siemens component with broad/full views and separate label/detail views; the views differ substantially in composition.
1,12,3303220109,5,Baseline part not in the 15 worst-performing classes,PART_5; PART_11,"5-9 new images: matched overall/front/back/side views, connector or mounting detail as applicable, and a high-resolution label plus the suspected distinguishing feature.",Collect representative views and one discriminative detail photo before relying on visual matching.
1,13,3303220120,4,Baseline part not in the 15 worst-performing classes,PART_15,"5-9 new images: matched overall/front/back/side views, connector or mounting detail as applicable, and a high-resolution label plus the suspected distinguishing feature.",Collect representative views and one discriminative detail photo before relying on visual matching.
3,14,3303220178,5,Baseline part not in the 15 worst-performing classes,None recorded,"3-6 new images: overall view, one alternate orientation, readable label/reference close-up, and any part-specific distinguishing feature.",Collect representative views and one discriminative detail photo before relying on visual matching.
1,15,3303220323,3,Baseline part not in the 15 worst-performing classes,PART_13; PART_41,"5-9 new images: matched overall/front/back/side views, connector or mounting detail as applicable, and a high-resolution label plus the suspected distinguishing feature.",Collect representative views and one discriminative detail photo before relying on visual matching.
3,16,330322021706,5,Baseline part not in the 15 worst-performing classes,None recorded,"3-6 new images: overall view, one alternate orientation, readable label/reference close-up, and any part-specific distinguishing feature.",Collect representative views and one discriminative detail photo before relying on visual matching.
1,17,330322035606,3,Baseline part not in the 15 worst-performing classes,PART_18,"5-9 new images: matched overall/front/back/side views, connector or mounting detail as applicable, and a high-resolution label plus the suspected distinguishing feature.",Collect representative views and one discriminative detail photo before relying on visual matching.
1,18,330322035606,4,Baseline part not in the 15 worst-performing classes,PART_17,"5-9 new images: matched overall/front/back/side views, connector or mounting detail as applicable, and a high-resolution label plus the suspected distinguishing feature.",Collect representative views and one discriminative detail photo before relying on visual matching.
3,19,330322022306,4,Baseline part not in the 15 worst-performing classes,None recorded,"3-6 new images: overall view, one alternate orientation, readable label/reference close-up, and any part-specific distinguishing feature.",Collect representative views and one discriminative detail photo before relying on visual matching.
3,20,330322005406,5,Baseline part not in the 15 worst-performing classes,None recorded,"3-6 new images: overall view, one alternate orientation, readable label/reference close-up, and any part-specific distinguishing feature.",Collect representative views and one discriminative detail photo before relying on visual matching.
2,21,330322005806,3,Baseline part not in the 15 worst-performing classes,None recorded,"5-9 new images: consistent overall views, at least two different orientations, label/reference close-up, and the most likely distinguishing detail.",Collect representative views and one discriminative detail photo before relying on visual matching.
3,22,330322029706,4,Baseline part not in the 15 worst-performing classes,None recorded,"3-6 new images: overall view, one alternate orientation, readable label/reference close-up, and any part-specific distinguishing feature.",Collect representative views and one discriminative detail photo before relying on visual matching.
3,23,330322022706,4,Baseline part not in the 15 worst-performing classes,None recorded,"3-6 new images: overall view, one alternate orientation, readable label/reference close-up, and any part-specific distinguishing feature.",Collect representative views and one discriminative detail photo before relying on visual matching.
1,24,330322034006,3,Baseline part not in the 15 worst-performing classes,PART_38,"5-9 new images: matched overall/front/back/side views, connector or mounting detail as applicable, and a high-resolution label plus the suspected distinguishing feature.",Collect representative views and one discriminative detail photo before relying on visual matching.
3,25,330322015806,6,Baseline part not in the 15 worst-performing classes,None recorded,"3-6 new images: overall view, one alternate orientation, readable label/reference close-up, and any part-specific distinguishing feature.",Collect representative views and one discriminative detail photo before relying on visual matching.
3,26,330322015806,4,Baseline part not in the 15 worst-performing classes,None recorded,"3-6 new images: overall view, one alternate orientation, readable label/reference close-up, and any part-specific distinguishing feature.",Collect representative views and one discriminative detail photo before relying on visual matching.
1,27,3303220169,3,LOO accuracy 0.0%; G poor image quality and H rotation/orientation and J insufficient number of images,"PART_45 (2 wrong, max sim 0.643); PART_69 (1 wrong, max sim 0.554)","5-9 new images: matched overall/front/back/side views, connector or mounting detail as applicable, and a high-resolution label plus the suspected distinguishing feature.",Only three images exist and the contact sheet shows a very small metal cylinder photographed at different orientations/scales on a plain background. LOO accuracy is 0/3.
1,28,330322012706,4,Baseline part not in the 15 worst-performing classes,PART_29,"5-9 new images: matched overall/front/back/side views, connector or mounting detail as applicable, and a high-resolution label plus the suspected distinguishing feature.",Collect representative views and one discriminative detail photo before relying on visual matching.
1,29,330322008506,3,LOO accuracy 0.0%; B visually similar parts and C different views of same part and J insufficient number of images,"PART_28 (2 wrong, max sim 0.717); PART_42 (1 wrong, max sim 0.651)","5-9 new images: matched overall/front/back/side views, connector or mounting detail as applicable, and a high-resolution label plus the suspected distinguishing feature.",Only three images exist and show a ring-like mechanical part from different angles. LOO most commonly predicted PART_28; the contact sheet shows similar circular hardware across the confused samples.
2,30,330322020806,3,Baseline part not in the 15 worst-performing classes,None recorded,"5-9 new images: consistent overall views, at least two different orientations, label/reference close-up, and the most likely distinguishing detail.",Collect representative views and one discriminative detail photo before relying on visual matching.
2,31,330322025206,3,Baseline part not in the 15 worst-performing classes,None recorded,"5-9 new images: consistent overall views, at least two different orientations, label/reference close-up, and the most likely distinguishing detail.",Collect representative views and one discriminative detail photo before relying on visual matching.
1,32,3303220100,4,LOO accuracy 0.0%; C different views of same part and G poor image quality,"PART_40 (2 wrong, max sim 0.631); PART_69 (1 wrong, max sim 0.560); PART_68 (1 wrong, max sim 0.699)","5-9 new images: matched overall/front/back/side views, connector or mounting detail as applicable, and a high-resolution label plus the suspected distinguishing feature.","Contact sheet shows a motor/industrial component with broad, label, and side/detail views. The visible scale and composition vary; no duplicate assignment was established."
2,33,3303220173,3,Baseline part not in the 15 worst-performing classes,None recorded,"5-9 new images: consistent overall views, at least two different orientations, label/reference close-up, and the most likely distinguishing detail.",Collect representative views and one discriminative detail photo before relying on visual matching.
2,34,330322025406,3,Baseline part not in the 15 worst-performing classes,None recorded,"5-9 new images: consistent overall views, at least two different orientations, label/reference close-up, and the most likely distinguishing detail.",Collect representative views and one discriminative detail photo before relying on visual matching.
3,35,330322018906,5,Baseline part not in the 15 worst-performing classes,None recorded,"3-6 new images: overall view, one alternate orientation, readable label/reference close-up, and any part-specific distinguishing feature.",Collect representative views and one discriminative detail photo before relying on visual matching.
3,36,330322024606,4,Baseline part not in the 15 worst-performing classes,None recorded,"3-6 new images: overall view, one alternate orientation, readable label/reference close-up, and any part-specific distinguishing feature.",Collect representative views and one discriminative detail photo before relying on visual matching.
2,37,330322008106,3,Baseline part not in the 15 worst-performing classes,None recorded,"5-9 new images: consistent overall views, at least two different orientations, label/reference close-up, and the most likely distinguishing detail.",Collect representative views and one discriminative detail photo before relying on visual matching.
1,38,3303220137,4,Baseline part not in the 15 worst-performing classes,PART_24,"5-9 new images: matched overall/front/back/side views, connector or mounting detail as applicable, and a high-resolution label plus the suspected distinguishing feature.",Collect representative views and one discriminative detail photo before relying on visual matching.
2,39,3303220069,3,Baseline part not in the 15 worst-performing classes,None recorded,"5-9 new images: consistent overall views, at least two different orientations, label/reference close-up, and the most likely distinguishing detail.",Collect representative views and one discriminative detail photo before relying on visual matching.
1,40,330322014706,6,Baseline part not in the 15 worst-performing classes,PART_43; PART_32,"5-9 new images: matched overall/front/back/side views, connector or mounting detail as applicable, and a high-resolution label plus the suspected distinguishing feature.",Collect representative views and one discriminative detail photo before relying on visual matching.
1,41,330322029606,3,Baseline part not in the 15 worst-performing classes,PART_15,"5-9 new images: matched overall/front/back/side views, connector or mounting detail as applicable, and a high-resolution label plus the suspected distinguishing feature.",Collect representative views and one discriminative detail photo before relying on visual matching.
2,42,330322029806,3,Baseline part not in the 15 worst-performing classes,None recorded,"5-9 new images: consistent overall views, at least two different orientations, label/reference close-up, and the most likely distinguishing detail.",Collect representative views and one discriminative detail photo before relying on visual matching.
1,43,3303220145,5,Baseline part not in the 15 worst-performing classes,PART_40,"5-9 new images: matched overall/front/back/side views, connector or mounting detail as applicable, and a high-resolution label plus the suspected distinguishing feature.",Collect representative views and one discriminative detail photo before relying on visual matching.
3,44,330322022906,4,Baseline part not in the 15 worst-performing classes,None recorded,"3-6 new images: overall view, one alternate orientation, readable label/reference close-up, and any part-specific distinguishing feature.",Collect representative views and one discriminative detail photo before relying on visual matching.
1,45,3303220152,3,Baseline part not in the 15 worst-performing classes,PART_27,"5-9 new images: matched overall/front/back/side views, connector or mounting detail as applicable, and a high-resolution label plus the suspected distinguishing feature.",Collect representative views and one discriminative detail photo before relying on visual matching.
2,46,330322020406,3,Baseline part not in the 15 worst-performing classes,None recorded,"5-9 new images: consistent overall views, at least two different orientations, label/reference close-up, and the most likely distinguishing detail.",Collect representative views and one discriminative detail photo before relying on visual matching.
2,47,3303220144,3,Baseline part not in the 15 worst-performing classes,None recorded,"5-9 new images: consistent overall views, at least two different orientations, label/reference close-up, and the most likely distinguishing detail.",Collect representative views and one discriminative detail photo before relying on visual matching.
3,48,3303220001,4,Baseline part not in the 15 worst-performing classes,None recorded,"3-6 new images: overall view, one alternate orientation, readable label/reference close-up, and any part-specific distinguishing feature.",Collect representative views and one discriminative detail photo before relying on visual matching.
1,49,3303220175,3,LOO accuracy 0.0%; B visually similar parts and C different views of same part and J insufficient number of images,"PART_50 (3 wrong, max sim 0.722)","5-9 new images: matched overall/front/back/side views, connector or mounting detail as applicable, and a high-resolution label plus the suspected distinguishing feature.","Only three images exist and show a compact mechanical valve/assembly from different angles. All queries were predicted as PART_50, consistent with a visually similar assembly pair."
1,50,3303220176,5,LOO accuracy 0.0%; B visually similar parts and C different views of same part,"PART_49 (4 wrong, max sim 0.722); PART_25 (1 wrong, max sim 0.657)","5-9 new images: matched overall/front/back/side views, connector or mounting detail as applicable, and a high-resolution label plus the suspected distinguishing feature.","The five photos show a small mechanical assembly from different angles. LOO chose PART_49 for 4/5 queries (mean similarity about 0.6901), indicating visual confusion with that assembly."
2,51,3303220133,3,Baseline part not in the 15 worst-performing classes,None recorded,"5-9 new images: consistent overall views, at least two different orientations, label/reference close-up, and the most likely distinguishing detail.",Collect representative views and one discriminative detail photo before relying on visual matching.
2,52,330322031906,3,Baseline part not in the 15 worst-performing classes,None recorded,"5-9 new images: consistent overall views, at least two different orientations, label/reference close-up, and the most likely distinguishing detail.",Collect representative views and one discriminative detail photo before relying on visual matching.
3,53,,4,Baseline part not in the 15 worst-performing classes,None recorded,"3-6 new images: overall view, one alternate orientation, readable label/reference close-up, and any part-specific distinguishing feature.",Collect representative views and one discriminative detail photo before relying on visual matching.
2,54,330322031106,3,Baseline part not in the 15 worst-performing classes,None recorded,"5-9 new images: consistent overall views, at least two different orientations, label/reference close-up, and the most likely distinguishing detail.",Collect representative views and one discriminative detail photo before relying on visual matching.
3,55,330322012806,4,Baseline part not in the 15 worst-performing classes,None recorded,"3-6 new images: overall view, one alternate orientation, readable label/reference close-up, and any part-specific distinguishing feature.",Collect representative views and one discriminative detail photo before relying on visual matching.
3,56,330322031806,4,Baseline part not in the 15 worst-performing classes,None recorded,"3-6 new images: overall view, one alternate orientation, readable label/reference close-up, and any part-specific distinguishing feature.",Collect representative views and one discriminative detail photo before relying on visual matching.
2,57,330322031706,3,Baseline part not in the 15 worst-performing classes,None recorded,"5-9 new images: consistent overall views, at least two different orientations, label/reference close-up, and the most likely distinguishing detail.",Collect representative views and one discriminative detail photo before relying on visual matching.
2,58,3303220139,3,Baseline part not in the 15 worst-performing classes,None recorded,"5-9 new images: consistent overall views, at least two different orientations, label/reference close-up, and the most likely distinguishing detail.",Collect representative views and one discriminative detail photo before relying on visual matching.
3,59,330322003806,5,Baseline part not in the 15 worst-performing classes,None recorded,"3-6 new images: overall view, one alternate orientation, readable label/reference close-up, and any part-specific distinguishing feature.",Collect representative views and one discriminative detail photo before relying on visual matching.
3,60,3303220179,5,Baseline part not in the 15 worst-performing classes,None recorded,"3-6 new images: overall view, one alternate orientation, readable label/reference close-up, and any part-specific distinguishing feature.",Collect representative views and one discriminative detail photo before relying on visual matching.
2,61,3303220005,3,Baseline part not in the 15 worst-performing classes,None recorded,"5-9 new images: consistent overall views, at least two different orientations, label/reference close-up, and the most likely distinguishing detail.",Collect representative views and one discriminative detail photo before relying on visual matching.
3,62,330322025606,6,Baseline part not in the 15 worst-performing classes,None recorded,"3-6 new images: overall view, one alternate orientation, readable label/reference close-up, and any part-specific distinguishing feature.",Collect representative views and one discriminative detail photo before relying on visual matching.
1,63,330322028106,6,Baseline part not in the 15 worst-performing classes,PART_74,"5-9 new images: matched overall/front/back/side views, connector or mounting detail as applicable, and a high-resolution label plus the suspected distinguishing feature.",Collect representative views and one discriminative detail photo before relying on visual matching.
3,64,330322026406,4,Baseline part not in the 15 worst-performing classes,None recorded,"3-6 new images: overall view, one alternate orientation, readable label/reference close-up, and any part-specific distinguishing feature.",Collect representative views and one discriminative detail photo before relying on visual matching.
3,65,3303220105,4,Baseline part not in the 15 worst-performing classes,None recorded,"3-6 new images: overall view, one alternate orientation, readable label/reference close-up, and any part-specific distinguishing feature.",Collect representative views and one discriminative detail photo before relying on visual matching.
1,66,330322028306,5,Critical visual-disambiguation pair; current images include byte-identical cross-part pairs,PART_66 and PART_71,"5-9 new images: matched overall/front/back/side views, connector or mounting detail as applicable, and a high-resolution label plus the suspected distinguishing feature.","Do not assume an error. Capture matched, high-resolution views that reveal the actual physical/reference distinction."
3,67,330322029106,4,Baseline part not in the 15 worst-performing classes,None recorded,"3-6 new images: overall view, one alternate orientation, readable label/reference close-up, and any part-specific distinguishing feature.",Collect representative views and one discriminative detail photo before relying on visual matching.
3,68,330322031506,6,Baseline part not in the 15 worst-performing classes,None recorded,"3-6 new images: overall view, one alternate orientation, readable label/reference close-up, and any part-specific distinguishing feature.",Collect representative views and one discriminative detail photo before relying on visual matching.
3,69,330322027806,5,Baseline part not in the 15 worst-performing classes,None recorded,"3-6 new images: overall view, one alternate orientation, readable label/reference close-up, and any part-specific distinguishing feature.",Collect representative views and one discriminative detail photo before relying on visual matching.
1,70,330322026906,4,LOO accuracy 0.0%; B visually similar parts and C different views of same part and D label close-up vs full-part mismatch,"PART_6 (2 wrong, max sim 0.661); PART_75 (1 wrong, max sim 0.599); PART_11 (1 wrong, max sim 0.543)","5-9 new images: matched overall/front/back/side views, connector or mounting detail as applicable, and a high-resolution label plus the suspected distinguishing feature.",Contact sheet shows a black Siemens unit with label close-ups and full/side views. Cross-part perceptual pairs link it to PART_8 and PART_63; LOO also confused it with PART_6.
1,71,330322028206,5,Critical visual-disambiguation pair; current images include byte-identical cross-part pairs,PART_66 and PART_71,"5-9 new images: matched overall/front/back/side views, connector or mounting detail as applicable, and a high-resolution label plus the suspected distinguishing feature.","Do not assume an error. Capture matched, high-resolution views that reveal the actual physical/reference distinction."
1,72,330322009506,5,LOO accuracy 0.0%; C different views of same part and D label close-up vs full-part mismatch,"PART_63 (2 wrong, max sim 0.652); PART_75 (1 wrong, max sim 0.574); PART_65 (1 wrong, max sim 0.572)","5-9 new images: matched overall/front/back/side views, connector or mounting detail as applicable, and a high-resolution label plus the suspected distinguishing feature.","Contact sheet shows a yellow module photographed front, rear, side, and label/detail orientations. The composition changes strongly across the five images."
3,73,330322027206,5,Baseline part not in the 15 worst-performing classes,None recorded,"3-6 new images: overall view, one alternate orientation, readable label/reference close-up, and any part-specific distinguishing feature.",Collect representative views and one discriminative detail photo before relying on visual matching.
1,74,3303220104,4,LOO accuracy 0.0%; C different views of same part and D label close-up vs full-part mismatch,"PART_63 (4 wrong, max sim 0.776)","5-9 new images: matched overall/front/back/side views, connector or mounting detail as applicable, and a high-resolution label plus the suspected distinguishing feature.","Contact sheet shows yellow modules in front, rear, side, and connector/detail views. All four LOO queries were predicted as PART_63, indicating strong visual overlap in this dataset."
3,75,330322022106,6,Baseline part not in the 15 worst-performing classes,None recorded,"3-6 new images: overall view, one alternate orientation, readable label/reference close-up, and any part-specific distinguishing feature.",Collect representative views and one discriminative detail photo before relying on visual matching.
2,76,330322029006,3,Baseline part not in the 15 worst-performing classes,None recorded,"5-9 new images: consistent overall views, at least two different orientations, label/reference close-up, and the most likely distinguishing detail.",Collect representative views and one discriminative detail photo before relying on visual matching.
